{"cameraMode":{"drawMode":0,"name":"Shaded","section":"Shading Mode"},"sceneLighting":true,"audioPlay":false,"sceneViewState":{"showFog":true,"showMaterialUpdate":false,"showSkybox":true,"showFlares":true,"showImageEffects":true,"showParticleSystems":true},"in2DMode":false,"pivot":{"x":350.1775207519531,"y":141.46160888671876,"z":279.9647216796875},"rotation":{"x":-0.031554561108350757,"y":-0.9330175518989563,"z":0.34833818674087527,"w":-0.08451735228300095},"size":27.644441604614259,"orthographic":false}