{"cameraMode":{"drawMode":0,"name":"Shaded","section":"Shading Mode"},"sceneLighting":false,"audioPlay":false,"sceneViewState":{"showFog":true,"showMaterialUpdate":false,"showSkybox":true,"showFlares":true,"showImageEffects":true,"showParticleSystems":true},"in2DMode":false,"pivot":{"x":-5.7452216148376469,"y":1.262901782989502,"z":-3.3049213886260988},"rotation":{"x":0.015445777215063572,"y":-0.9120916724205017,"z":0.034508801996707919,"w":0.4082395136356354},"size":23.334524154663087,"orthographic":false}