{"cameraMode":{"drawMode":0,"name":"Shaded","section":"Shading Mode"},"sceneLighting":true,"audioPlay":false,"sceneViewState":{"showFog":true,"showMaterialUpdate":false,"showSkybox":true,"showFlares":true,"showImageEffects":true,"showParticleSystems":true},"in2DMode":false,"pivot":{"x":367.41290283203127,"y":141.37017822265626,"z":299.1184387207031},"rotation":{"x":-0.15251727402210236,"y":-0.5992749929428101,"z":0.11762724816799164,"w":-0.7770276069641113},"size":27.644441604614259,"orthographic":false}